<?xml version="1.0" encoding="UTF-8"?>
<project-private xmlns="http://www.netbeans.org/ns/project-private/1">
    <editor-bookmarks xmlns="http://www.netbeans.org/ns/editor-bookmarks/2" lastBookmarkId="1">
        <file>
            <url>src/databaseproject/LoginPanel.java</url>
            <bookmark id="1">
                <name/>
                <line>105</line>
                <key/>
            </bookmark>
        </file>
    </editor-bookmarks>
    <open-files xmlns="http://www.netbeans.org/ns/projectui-open-files/2">
        <group>
            <file>file:/C:/Users/Kunwar/Documents/NetBeansProjects/DatabaseProject/src/databaseproject/StudentPortalForm.java</file>
            <file>file:/C:/Users/Kunwar/Documents/NetBeansProjects/DatabaseProject/src/databaseproject/WriteReviewForm.java</file>
            <file>file:/C:/Users/Kunwar/Documents/NetBeansProjects/DatabaseProject/src/databaseproject/AddOrgForm.java</file>
            <file>file:/C:/Users/Kunwar/Documents/NetBeansProjects/DatabaseProject/src/databaseproject/DatabaseProject.java</file>
            <file>file:/C:/Users/Kunwar/Documents/NetBeansProjects/DatabaseProject/src/databaseproject/AdminPanel.java</file>
            <file>file:/C:/Users/Kunwar/Documents/NetBeansProjects/DatabaseProject/src/databaseproject/AddStudentForm.java</file>
            <file>file:/C:/Users/Kunwar/Documents/NetBeansProjects/DatabaseProject/src/databaseproject/LoginPanel.java</file>
        </group>
    </open-files>
</project-private>
